{
  "project_info": {
    "project_number": "426768749671",
    "firebase_url": "https://calltheambulace-default-rtdb.firebaseio.com",
    "project_id": "calltheambulace",
    "storage_bucket": "calltheambulace.appspot.com"
  },
  "client": [
    {
      "client_info": {
        "mobilesdk_app_id": "1:426768749671:android:475ef4ac2c4319568170c2",
        "android_client_info": {
          "package_name": "com.example.ambulance"
        }
      },
      "oauth_client": [
        {
          "client_id": "426768749671-s7qb2i9easvh5s8ljdlh09ncvrohte3f.apps.googleusercontent.com",
          "client_type": 1,
          "android_info": {
            "package_name": "com.example.ambulance",
            "certificate_hash": "1e8edfce740dee50d599d87470c86651624e49a8"
          }
        },
        {
          "client_id": "426768749671-7of9se8aoht4abnv5p6ib6o82la9u616.apps.googleusercontent.com",
          "client_type": 3
        }
      ],
      "api_key": [
        {
          "current_key": "AIzaSyCkcCKxutpmP83I48Rj-1IO9HqLMPZoKv0"
        }
      ],
      "services": {
        "appinvite_service": {
          "other_platform_oauth_client": [
            {
              "client_id": "426768749671-7of9se8aoht4abnv5p6ib6o82la9u616.apps.googleusercontent.com",
              "client_type": 3
            }
          ]
        }
      }
    },
    {
      "client_info": {
        "mobilesdk_app_id": "1:426768749671:android:d287cf713796501f8170c2",
        "android_client_info": {
          "package_name": "com.example.calltheambulance"
        }
      },
      "oauth_client": [
        {
          "client_id": "426768749671-ajoc8oh35gb7jqhk5qf84samq4qvuuir.apps.googleusercontent.com",
          "client_type": 1,
          "android_info": {
            "package_name": "com.example.calltheambulance",
            "certificate_hash": "1e8edfce740dee50d599d87470c86651624e49a8"
          }
        },
        {
          "client_id": "426768749671-7of9se8aoht4abnv5p6ib6o82la9u616.apps.googleusercontent.com",
          "client_type": 3
        }
      ],
      "api_key": [
        {
          "current_key": "AIzaSyCkcCKxutpmP83I48Rj-1IO9HqLMPZoKv0"
        }
      ],
      "services": {
        "appinvite_service": {
          "other_platform_oauth_client": [
            {
              "client_id": "426768749671-7of9se8aoht4abnv5p6ib6o82la9u616.apps.googleusercontent.com",
              "client_type": 3
            }
          ]
        }
      }
    }
  ],
  "configuration_version": "1"
}